date,title,content
2025-04-03,"Can a 200MP Android phone replace my $3,500 Sony camera? I tried it and can't go back","When the Xiaomi 15 Ultra debuted its new periscope lens and stacked camera configuration earlier this year, both Android and Apple users took note."
2025-04-03,Gwyneth Paltrow's nepo baby Apple Martin breaks silence on 'really upsetting' criticism after 'mean girl' saga,Gwyneth Paltrow's daughter Apple Martin has broken her silence on the 'really upsetting' criticism she's received following last year's 'mean girl' drama.
2025-04-03,"Air India brings Apple AirTag integration to help you track your luggage, easing lost bag worries",Air India becomes the first Asian airline to integrate Apple's AirTags with its baggage-tracking system.
2025-04-03,"Apple's (AAPL) ""Buy"" Rating Reaffirmed at Rosenblatt Securities","Rosenblatt Securities reissued a ""buy"" rating and set a $263.00 price target on shares of Apple in a research note on Thursday."
2025-04-03,Apple (NASDAQ:AAPL) Price Target Raised to $300.00 at Tigress Financial,"Tigress Financial increased their target price on shares of Apple from $295.00 to $300.00 and gave the stock a ""strong-buy"" rating in a report on Thursday."
2025-04-03,Can you guess this Vikings quarterback in today’s in-5 trivia game?,"Think you can figure out which Vikings player we’re talking about? You’ll get five clues to figure him out in our new guessing game! Hey Vikings fans! We’re back for another day of the Daily Norseman in-5 daily trivia game. Game instructions are at the bottom if you’re new to the game! Feel free to share your results in the comments and feedback in this Google Form.Today’s Daily Norseman in-5 gameIf you can’t see the game due to Apple News or another service, click this game article.Previous gamesWednesday, April 2, 2025Tuesday, April 1, 2025Monday, March 31, 2025Play more SB Nation..."
2025-04-03,Apple falls after Trump's tariffs kick in; BofA expects company to manage supply chain to minimize impact,Apple falls after Trump's tariffs kick in; BofA expects company to manage supply chain to minimize impact
2025-04-03,"Apple, Nvidia, Nike, Five Below and RH fall sharply premarket","Apple, Nvidia, Nike, Five Below and RH fall sharply premarket"
2025-04-03,"Apple could still move away from physical buttons on iPhone, but not anytime soon","The rumour mill for upcoming smartphones is constantly churning, and that’s especially true when it comes to the next Apple and Samsung devices. For years now, there has been speculation that Apple is considering solid state buttons for its iPhones, which would see it move away from physical buttons like the volume rocker and power [&#8230;]"
2025-04-03,"Your daily MLB trivia game, Thursday edition","Think you can figure out what MLB player we’re talking about? You’ll get five clues to figure him out. We’re back for another day of the SB Nation MLB in-5 daily trivia game. Game instructions are at the bottom if you’re new to the game! Feel free to share your results in the comments and feedback in this Google Form.Today’s SB Nation MLB in-5 gameIf you can’t see the game due to Apple News or another service, click this game article.Previous GamesWednesday, April 2, 2025Tuesday, April 1, 2025Monday, March 31, 2025Sunday, March 30, 2025Play more SB Nation in-5 trivia gamesNFL in-..."
2025-04-04,Amazon Forgot to Take the 2024 MacBook Air Off Sale After Their Big Spring Event,"The big sale is over, but the 13-inch M3-powered Apple laptop is still at its record-low price of just $999."
2025-04-04,Samsung Galaxy Tab S10 FE vs iPad 11: Five key differences,Samsung has released the new budget-focused Galaxy Tab S10 FE – but how does it compare to Apple's popular iPad 11?The post Samsung Galaxy Tab S10 FE vs iPad 11: Five key differences appeared first on Trusted Reviews.
2025-04-04,Apple (NASDAQ:AAPL) Trading Down 8.7% on Analyst Downgrade,Apple (NASDAQ:AAPL) Shares Down 8.7% After Analyst Downgrade
2025-04-04,Jordana Guimaraes Launches Soulful New Show ‘It Can Be You’ With E! Founder Larry Namer,"Premiering Sunday on Apple TV, Sirius XM, Spotify and YouTube, the series features inspiring journeys of entrepreneurs, including industry names such as Nyakio Grieco and Sutton Stracke."
2025-04-04,Are tariffs about to make your next iPhone way more expensive? It's complicated,Apple supply chain analyst Ming-Chi Kuo shared his take. Here's mine.
2025-04-04,Why Is No One Talking About Apple’s (AAPL) Long-term Artificial Intelligence Plans?,"When it comes to Apple (NASDAQ:AAPL), it&#8217;s been all about the AI delays, with a handful of notable AI features, including personal context, pushed out to next year, while the more ambitious Siri LLM looks like it could be delayed to 2027. Indeed, Apple may have fallen further behind in the AI race than many [&#8230;]The post Why Is No One Talking About Apple&#8217;s (AAPL) Long-term Artificial Intelligence Plans? appeared first on 24/7 Wall St.."
2025-04-04,Apple's Heavy Dip Was Well Deserved,Apple's Heavy Dip Was Well Deserved
2025-04-04,"Your daily Broncos trivia game, Friday edition","Think you can figure out which Broncos player we’re talking about? You’ll get five clues to figure him out in our new guessing game! Hey Broncos fans! We’re back for another day of the Mile High Report in-5 daily trivia game. Game instructions are at the bottom if you’re new to the game! Feel free to share your results in the comments and feedback in this Google Form.Today’s Mile High Report in-5 gameIf you can’t see the game due to Apple News or another service, click this game article.Previous gamesThursday, April 3, 2025Wednesday, April 2, 2025Tuesday, April 1, 2025Play more SB..."
2025-04-04,"Your daily NFL trivia game, Friday edition","Think you can figure out what NFL player we’re talking about? You’ll get five clues to figure him out. We’re back for another day of the SB Nation in-5 daily trivia game. Game instructions are at the bottom if you’re new to the game! Feel free to share your results in the comments and feedback in this Google Form.Today’s SB Nation in-5 gameIf you can’t see the game due to Apple News or another service, click this game article.Previous gamesThursday, April 3, 2025Wednesday, April 2, 2025Tuesday, April 1, 2025Play more SB Nation in-5 trivia gamesNFL in-5MLB in-5MMA in-5SB Nation in-5..."
2025-04-04,Apple’s iOS 18.4 causing havoc with some CarPlay users,"With the release of iOS 18.4, CarPlay users were set to experience new features to improve the in-car experience. Unfortunately, according to AutoEvolution, many users face a series of frustrating bugs following the software release. A recent Reddit thread highlights several issues. Many iPhone users report various CarPlay connectivity problems following the update to iOS [&#8230;]"
